,project name,project id
0,peckshield,1
1,ZunamiLab,2
2,VenusProtocol,3
3,ArrakisFinance,4
4,Bombmoney,5
5,burgerswap-org,6
6,NexusMutual,7
7,metavaultorg,8
8,liquity,9
9,InterCroneworldOrg,10
10,across-protocol,11
11,bifrost-platform,12
12,NFTBlackMarket,13
13,dfyn,14
14,harvest-finance,15
15,latteswap-official,16
16,Switcheo,17
17,oneswap,18
18,autoshark-finance,19
19,polydex-fi,20
20,scv-finance,21
21,mstable,22
22,bitcoinHEX,23
23,loomnetwork,24
24,liberofinancial,25
25,byteball,26
26,bourbondefi,27
27,CashCowProject,28
28,OasisDEX,29
29,elkfinance,30
30,delot-io,31
31,Leonicornswap,32
32,chirenonhive,33
33,spin-fi,34
34,debridge-finance,35
35,typhoonnetwork,36
36,FraxFinance,37
37,dypfinance,38
38,Standard-Hashrate-Group,39
39,ellipsis-finance,40
40,refinableco,41
41,PolyQuity,42
42,up-defi,43
43,bamboo-defi,44
44,yflink,45
45,tomochain,46
46,acryptos,47
47,easyswap-team,48
48,bloXroute-Labs,49
49,allbridge-io,50
50,onblockio,51
51,ovnstable,52
52,BlockTimeWorld,53
53,howeguo,54
54,XY-Finance,55
55,ShibaNova,56
56,cougarswap,57
57,gelatodigital,58
58,WaultFinance,59
59,Atlendis,60
60,Multiplier-Finance,61
61,valuedefi,62
62,Sakeswap,63
63,compound-finance,64
64,betSwirl,65
65,jetfuelfinance,66
66,WePiggy,67
67,deversifi,68
68,SecondLive,69
69,Steemhunt,70
70,AmbireTech,71
71,whale-swap,72
72,akropolisio,73
73,ariesfinancial,74
74,hunnyfinance,75
75,actifit,76
76,kyberNetwork,77
77,crypto-com,78
78,MetaMask,79
79,zenos-pavlakou,80
80,aave,81
81,everrise-ecosystem,82
82,tapfantasy,83
83,cowswap,84
84,moonpotdev,85
85,exon-center,86
86,decentraland,87
87,atomex-me,88
88,timeleapfinance,89
89,PRDTfinance,90
90,tendieswap,91
91,axieinfinity,92
92,tsladoge,93
93,wise-foundation,94
94,locutusofborg111,95
95,xp-network,96
96,thugs-defi,97
97,SiberianSwap-Finance,98
98,RedChillies-Core,99
99,ApeSwapFinance,100
100,nftkey,101
101,certusone,102
102,ram-protocol,103
103,dungeonswap,104
104,XWorldGames,105
105,tomo-pool,106
106,balancednetwork,107
107,cheeseswapbsc,108
108,idexio,109
109,thefortube,110
110,Pacoca-io,111
111,WardenSwap,112
112,NemesisDao,113
113,CafeSwap,114
114,polycatfi,115
115,ethalend,116
116,inthenextversion,117
117,sushiswap,118
118,babyswap,119
119,fuseio,120
120,cexiswap,121
121,bancorprotocol,122
122,Xpool-lab,123
123,MysteriumNetwork,124
124,router-protocol,125
125,OtterClam,126
126,niobfinance,127
127,lifinance,128
128,KingLuigy,129
129,acorn-finance,130
130,plotx,131
131,Aircoin-official,132
132,renproject,133
133,swaap-labs,134
134,HoneyFarmFi,135
135,curvefi,136
136,cyclese96,137
137,AuraSwap-DEX,138
138,CaskProtocol,139
139,gravis-finance,140
140,ecency,141
141,Uniswap,142
142,portto,143
143,cometh-game,144
144,juster-finance,145
145,DoppleFinance,146
146,kalmar-io,147
147,dexira,148
148,synthetixio,149
149,ustx,150
150,VeneraFinance,151
151,888tron,152
152,dydxprotocol,153
153,winery-land,154
154,chimpyswap,155
155,InfinityWallet,156
156,alpaca-finance,157
157,boggedfinance,158
