,0
0,peckshield
1,ZunamiLab
2,VenusProtocol
3,ArrakisFinance
4,Bombmoney
5,burgerswap-org
6,NexusMutual
7,metavaultorg
8,liquity
9,InterCroneworldOrg
10,across-protocol
11,bifrost-platform
12,NFTBlackMarket
13,dfyn
14,harvest-finance
15,latteswap-official
16,Switcheo
17,oneswap
18,autoshark-finance
19,polydex-fi
20,scv-finance
21,mstable
22,bitcoinHEX
23,loomnetwork
24,liberofinancial
25,byteball
26,bourbondefi
27,CashCowProject
28,OasisDEX
29,elkfinance
30,delot-io
31,Leonicornswap
32,chirenonhive
33,spin-fi
34,debridge-finance
35,typhoonnetwork
36,FraxFinance
37,dypfinance
38,Standard-Hashrate-Group
39,ellipsis-finance
40,refinableco
41,PolyQuity
42,up-defi
43,bamboo-defi
44,yflink
45,tomochain
46,acryptos
47,easyswap-team
48,bloXroute-Labs
49,allbridge-io
50,onblockio
51,ovnstable
52,BlockTimeWorld
53,howeguo
54,XY-Finance
55,ShibaNova
56,cougarswap
57,gelatodigital
58,WaultFinance
59,Atlendis
60,Multiplier-Finance
61,valuedefi
62,Sakeswap
63,compound-finance
64,betSwirl
65,jetfuelfinance
66,WePiggy
67,deversifi
68,SecondLive
69,Steemhunt
70,AmbireTech
71,whale-swap
72,akropolisio
73,ariesfinancial
74,hunnyfinance
75,actifit
76,kyberNetwork
77,crypto-com
78,MetaMask
79,zenos-pavlakou
80,aave
81,everrise-ecosystem
82,tapfantasy
83,cowswap
84,moonpotdev
85,exon-center
86,decentraland
87,atomex-me
88,timeleapfinance
89,PRDTfinance
90,tendieswap
91,axieinfinity
92,tsladoge
93,wise-foundation
94,locutusofborg111
95,xp-network
96,thugs-defi
97,SiberianSwap-Finance
98,RedChillies-Core
99,ApeSwapFinance
100,nftkey
101,certusone
102,ram-protocol
103,dungeonswap
104,XWorldGames
105,tomo-pool
106,balancednetwork
107,cheeseswapbsc
108,idexio
109,thefortube
110,Pacoca-io
111,WardenSwap
112,NemesisDao
113,CafeSwap
114,polycatfi
115,ethalend
116,inthenextversion
117,sushiswap
118,babyswap
119,fuseio
120,cexiswap
121,bancorprotocol
122,Xpool-lab
123,MysteriumNetwork
124,router-protocol
125,OtterClam
126,niobfinance
127,lifinance
128,KingLuigy
129,acorn-finance
130,plotx
131,Aircoin-official
132,renproject
133,swaap-labs
134,HoneyFarmFi
135,curvefi
136,cyclese96
137,AuraSwap-DEX
138,CaskProtocol
139,gravis-finance
140,ecency
141,Uniswap
142,portto
143,cometh-game
144,juster-finance
145,DoppleFinance
146,kalmar-io
147,dexira
148,synthetixio
149,ustx
150,VeneraFinance
151,888tron
152,dydxprotocol
153,winery-land
154,chimpyswap
155,InfinityWallet
156,alpaca-finance
157,boggedfinance
158,RequestNetwork
159,ProjectOpenSea
160,notional-finance
161,balancer-labs
162,Idle-Labs
163,GimmerBot
164,DODOEX
165,risqprotocol
166,0xProject
167,Multiven-Group-BV
168,openocean-finance
169,zenlinkpro
170,d1ggy1bh
171,tokencard
172,Polkamarkets
173,status-im
174,peakdefi
175,GoldPesa
176,pancakeswap
177,santiment
178,swarmcity
179,solarbeamio
180,hellobloom
181,polymathnetwork
182,lidofinance
183,ethfinex
184,BNbitcoin
185,plasmadlt
186,kleros
187,quantstamp
188,sablierhq
189,CubFinance
190,Kromatika-Finance
191,sparkpointio
192,Yup-io
193,CryptoIcarus
194,Datamine-Crypto
195,SapienNetwork
196,aelfProject
197,brave-intl
198,Instadapp
199,livepeer
200,XinFinOrg
201,canyacoin
202,lordlessio
203,oceanprotocol
204,bzxnetwork
205,pickle-finance
206,marscolony-io
207,nexofinance
208,m00nbeans
209,powerdada
210,Lescovex
211,kardiachain
212,evolutionlandorg
213,warriders
214,art101nft
215,StakinOfficial
216,raiden-network
217,smartcontractkit
218,ZinFinance
219,portalnetwork
220,selfkeyfoundation
221,JoinColony
222,patrn-me
223,mochi-lab
224,CarpeDAO
225,ToadNetwork
226,republicprotocol
227,nolossclub
228,Fiscus-fyi
229,DigixGlobal
230,martinsawstrom
231,Morpher-io
232,ensdomains
233,DexKit
234,2key
235,aragon
236,unstoppabledomains
237,chichicoding
238,InkProtocol
239,CryptoMinerWorld
240,bandprotocol
241,tokenbb-com
242,etheremon
243,gnosis
244,dpdanpittman
245,aavegotchi
246,golemfactory
247,aleph-im
248,swashapp
249,symbiosis-finance
250,XYOracleNetwork
251,dluxio
252,0xbitcoin
253,larvalabs
254,numerai
255,darcius
256,minds
257,dragonereum
258,omgnetwork
259,LunchMoneyToken
260,district0x
261,singnet
262,friendsfingers
263,primasio
264,spankchain
265,dovuofficial
266,NEARCrowd
267,octofi
268,InverseFinance
269,VeriSafe
270,lockfinance
271,GenesisVision
272,originprotocol
273,f-o-a-m
274,peppersec
275,vesperfi
276,AugurProject
277,cryptovoxels
278,iotexproject
279,Storj
280,poanetwork
281,answerswap
282,dexkit
283,SunContract
284,Samurai-Legends
285,Convergence-Finance
286,NEST-Protocol
287,airswap
288,MakerDAO
289,likecoin
290,HuckleberryDex
291,Project312
292,thetatoken
293,enjin
294,pinknetworkx
295,1inch
296,QuickSwap
297,traderjoe-xyz
298,DefiKingdoms
299,mean-dao
300,transit-finance
301,apeswapfinance
302,apollox-finance
303,KlimaDAO
304,tonlabs
305,hicetnunc2000
306,beethovenxfi
307,PositionExchange
308,teia-community
309,hop-protocol
310,stellaswap
311,sudoswap
312,ref-finance
313,celer-network
314,pangolindex
315,Layer3Org
316,SpookySwap
317,pizzacapital
318,NestedFi
319,cronaswap
320,Good-Ghosting
321,MillionOnMars
322,beefyfinance
323,BeamSwap
324,thundercore
325,ArthSwap
326,rigelprotocol
327,itamgames
328,claimswap
329,kardia-solutions
330,ClashDome
331,NearDeFi
332,broxus
333,mones-nfts
334,versumstudios
335,alexgo-io
336,impactMarket
337,istepofficial
338,ProjectLarix
339,Narwallets
340,aldrin-exchange
341,wigoswap
342,Folks-Finance
343,Mirror-Protocol
344,OpenLeverageDev
345,BetSwirl
346,celo-tools
347,ZeroSwapLabs
348,sturdyfi
349,justliquidity
350,popcorndao
351,tetu-io
352,candlegenie
353,AVaultFinance
354,planetfinance
355,launchzone
356,BakePizzaIO
357,madfish-solutions
358,umaprotocol
359,AlphaFinanceLab
360,cryptocookiesdao
361,meterio
362,Smartlinkhub
363,annexfinance
364,astarexchange
365,worldbetdev
366,FarmersOnlyFi
367,destinydevteam
368,becoswap
369,alchemix-finance
370,nextypefinance
371,AlgemDeFi
372,darkcryptofi
373,moonbeans-org
374,muuu-finance
375,levelkdev
376,Lizard-Exchange
377,mobiusAMM
378,StakeDAO
379,evgenykuzyakov
380,hodl-token
381,youves-com
382,DeFinerOrg
383,fei-protocol
384,entitycapital
385,RuneMetaverse
386,hundred-finance
387,skyward-finance
388,tranchess
389,MinotaurMoney
390,boid-com
391,Rug-Zombie
392,xcarnival
393,liquidapps-io
394,OmniDexFinance
395,SiriusFinance
396,T-Starter
397,Float-Capital
398,orbs-network
399,InsurAce-Protocol
400,persistenceOne
401,xDAO-App
402,xwinfinance
403,RelayChain
404,saddle-finance
405,versa-finance-dev
406,holgern
407,cVault-finance
408,dante-finance
409,devilfinanceio
410,macaronswap
411,baofinance
412,thesixnetwork
413,O3Labs
414,singularfarm
415,CoinTool-App
416,bsidegames
417,DRIVENecosystem
418,etherspot
419,instadapp
420,alchemistcoin
421,LithiumSwapTech
422,deri-protocol
423,treasure-chess
424,ApeRocket-Labs
425,Fabwelt
426,lnswap
427,lootex-io
428,proofofbeauty
429,ringfi
430,StrikeFinance
431,uniclyNFT
432,zcore-coin
433,cykura
434,FATEx-DAO
435,oneverseone
436,FiveElementsLabs
437,perifinance
438,reflexer-labs
439,UniLend
440,united-farmers-finance
441,augmented-finance
442,BarbershopFinance
443,brutustoken
444,chocomintapp
445,CryptoDevelopmentServices
446,CycleProtocol
447,golfffinance
448,MStation-io
449,punk-domains
450,slvlabs
451,SLMGames
452,Stronghands-Money
453,ADAOTOP
454,CurioTeam
455,carv-protocol
456,dego-labs
457,fungfi
458,IndexCoop
459,MetaLoveBsc
460,RaiFinance
461,RenovJ
462,sil-finance
463,Snowball-Finance
464,trading-tiger
465,triplefi
466,TrustFiNetwork
467,bender-labs
468,AlkemiNetwork
469,BarnBridge
470,AlgoNetwork
471,BendDAO
472,BenTokenFinance
473,BitBlocksProject
474,bondappetit
475,shipyard-software
476,clockx24
477,hotcrosscom
478,Cubie-3D-NFT
479,darkcryptofinance
480,DoubleClub
481,farmersonlydefi
482,flashliquidity
483,Gangster-Protocol
484,GenesysNetwork
485,hodltreeprotocol
486,idamurni
487,kaoya1125
488,NFTX-project
489,pie-dao
490,pitbullBSC
491,predictcoin
492,RevoluzionToken
493,rocket-pool
494,roke-to
495,sishi-finance
496,solidproof
497,ninja-syndicate
498,TemplarDAO
499,Timikcool
500,moneyTulip
501,yieldyak
502,ZestProtocol
